{"min": {"aspect": 0.0030342576, "curvature": -106050.55, "d2m": 252.85599, "dem": -301.31912, "lai": 0.0, "lst_day": 254.68, "lst_night": 247.48, "ndvi": -0.19489999, "rh": 0.028271768, "roads_distance": 0.0, "slope": 0.013055187, "smi": -0.22604, "sp": 75337.32, "ssrd": 206192.48, "t2m": 259.1959, "tp": -7.450581e-09, "wind_direction": 4.5776367e-05, "wind_speed": 0.50327104, "lc_agriculture": 0.0, "lc_forest": 0.0, "lc_grassland": 0.0, "lc_settlement": 0.0, "lc_shrubland": 0.0, "lc_sparse_vegetation": 0.0, "lc_water_bodies": 0.0, "lc_wetland": 0.0, "population": 0.0, "burned_area_has": 0.0}, "max": {"aspect": 359.9949, "curvature": 107232.16, "d2m": 299.6966, "dem": 3110.4658, "lai": 7.0, "lst_day": 333.4, "lst_night": 308.0, "ndvi": 0.9435, "rh": 0.9944219, "roads_distance": 96.233, "slope": 1.5688416, "smi": 0.99622, "sp": 103743.08, "ssrd": 19591288.0, "t2m": 320.39136, "tp": 0.21452698, "wind_direction": 359.99942, "wind_speed": 20.354818, "lc_agriculture": 1.0, "lc_forest": 1.0, "lc_grassland": 1.0, "lc_settlement": 0.9477532, "lc_shrubland": 1.0, "lc_sparse_vegetation": 1.0, "lc_water_bodies": 0.89413226, "lc_wetland": 0.9853032, "population": 7267.223, "burned_area_has": 107602.0}, "mean": {"aspect": 184.86758306871556, "curvature": 434.83870493114966, "d2m": 284.8527834807525, "dem": 668.7654010135967, "lai": 1.1456345121183218, "lst_day": 303.6615197513451, "lst_night": 287.62872299099047, "ndvi": 0.4671898919470471, "rh": 0.3999477278246747, "roads_distance": 3.3593742777368427, "slope": 1.510249079185035, "smi": 0.4676293941203963, "sp": 94444.41560038074, "ssrd": 11409862.350774746, "t2m": 296.50561230473346, "tp": 0.0022541213902939764, "wind_direction": 198.76402822863497, "wind_speed": 3.491679150097616, "lc_agriculture": 0.4521050302652777, "lc_forest": 0.3564694534929691, "lc_grassland": 0.04087091699075713, "lc_settlement": 0.0033745071750481814, "lc_shrubland": 0.11119840994184886, "lc_sparse_vegetation": 0.03366505035746733, "lc_water_bodies": 0.0016628023471100173, "lc_wetland": 0.0006538384242942182, "population": 36.50767164715729, "burned_area_has": 94.83840694923799}, "std": {"aspect": 105.86839058361706, "curvature": 14677.899688949521, "d2m": 5.61952211330079, "dem": 430.8800150275034, "lai": 0.9887249495458773, "lst_day": 10.08624585037163, "lst_night": 7.120401954613167, "ndvi": 0.17724868900377774, "rh": 0.1710970806523742, "roads_distance": 3.469530257702919, "slope": 0.12708567629897521, "smi": 0.2550576262924453, "sp": 4143.897336625607, "ssrd": 3750962.0241560503, "t2m": 8.38612220481374, "tp": 0.005360624233550813, "wind_direction": 110.78651738127412, "wind_speed": 1.4296332447033473, "lc_agriculture": 0.40003794338788184, "lc_forest": 0.39719927264442073, "lc_grassland": 0.1396459651222255, "lc_settlement": 0.027122262381912135, "lc_shrubland": 0.24838200951564396, "lc_sparse_vegetation": 0.1188500821800931, "lc_water_bodies": 0.019651997640620002, "lc_wetland": 0.016903200656600597, "population": 147.25619096910324, "burned_area_has": 1004.9388293727181}}